Mot-clé,Nom,Téléphone,Site web,Adresse
plombier 69400 FR,MCP,,,
plombier 69400 FR,Plomberie Beaujolaise,,,
plombier 69400 FR,Sidrot Plomberie,,,
plombier 69400 FR,CSC Plomberie,,http://677d67e450f13.site123.me/,
plombier 69400 FR,Emd Service,,https://www.emd-service.fr/,
plombier 69400 FR,Jacquet Romain,,,
plombier 69400 FR,KMF Plomberie,,https://www.kmfplomberie.fr/,
plombier 69400 FR,Plomberie Beaujolaise,,https://www.facebook.com/profile.php?id=100089468997442&utm_source=gmb,
plombier 69400 FR,Reseau Plombier Villefranche,,https://plombier-villefranche.com/,
plombier 69400 FR,Plomberie Caladoise,,https://www.plomberie-caladoise.fr/,
plombier 69400 FR,PMPC Plomberie Chauffage,,https://pmpc-plomberie.fr/,
plombier 69400 FR,LGS Loison Gérard's,,http://www.lgs-entreprise.fr/,
plombier 69400 FR,Prestagaz Agence Villefranche-sur-saone,,http://presta-gaz.fr/?utm_source=gmb,
plombier 69400 FR,VDS Plomberie,,http://www.vdsplomberie.com/,
plombier 69400 FR,Ets Gay Badez,,http://www.ets-gay-badez.fr/,
plombier 69400 FR,JD Artisan Plombier,,http://jdartisanplombier.fr/,
plombier 69400 FR,SBPE,,http://www.sbpe-plomberie-69400.fr/,
plombier 69400 FR,Rs énergie,,http://www.rs-energie.fr/,
plombier 69400 FR,Entreprise Roger Plasse,,,
plombier 69400 FR,"Climeco Plomberie 🛠️🔥 Installation de Pompe à chaleur, Chaudière, Climatisation à Villefranche-sur-Saône et alentours",,http://www.climeco-plomberie.fr/,
transporteur routier 69400 FR,EXPRESS LOGISTIQUE,,http://www.express-logistique.com/,
transporteur routier 69400 FR,TCP Morel Transports,,https://www.tcpmoreltransports.fr/,
transporteur routier 69400 FR,Astr'in site logistique Villefranche,,http://www.sotradel.com/,
transporteur routier 69400 FR,Villefranche Express,,http://www.transport-villefranche-express.fr/,
transporteur routier 69400 FR,Kuehne + Nagel,,https://fr.kuehne-nagel.com/fr_fr/,
transporteur routier 69400 FR,Transports Chamonard,,http://www.transport-vin-beaujolais.com/,
transporteur routier 69400 FR,Transports FRAY,,http://www.transports-fray.fr/,
transporteur routier 69400 FR,Euro Demenagement VFS,,https://euro-demenagement-vfs.fr/,
transporteur routier 69400 FR,Gervais Transports,,https://www.gervaistransports.fr/,
transporteur routier 69400 FR,National Fret Transport,,http://www.nftrans.fr/,
transporteur routier 69400 FR,ECOTRANS LOGISTIQUE,,,
transporteur routier 69400 FR,"Transports Luizet, Cadillat, Detraz Filloux",,https://www.lcdf-transports.com/,
transporteur routier 69400 FR,XPO Logistics Distribution France,,http://xpo.com/,
transporteur routier 69400 FR,LCI CLASQUIN VILLEFRANCHE-SUR-SAONE,,https://www.clasquin.com/,
transporteur routier 69400 FR,Groupe Cayon,,https://www.transport-cayon.fr/,
transporteur routier 69400 FR,RDT TRANSPORT,,https://www.rdt-transport.com/,
transporteur routier 69400 FR,Transports de véhicules | AGT Salel,,http://www.agtsalel.com/?utm_source=gmb,
transporteur routier 69400 FR,GEODIS | Road Transport,,https://geodis.com/?utm_campaign=Google%20My%20Business--LG--lpCON--ALL--ALL--CORP--NA--NA--NA--NA--NA--2021-09&utm_source=google&utm_medium=gmb&utm_content=VILLEFRANCHE%20SUR%20SAONE,
transporteur routier 69400 FR,Time-Trans,,,
plombier 69400 FR,"Climeco Plomberie 🛠️🔥 Installation de Pompe à chaleur, Chaudière, Climatisation à Villefranche-sur-Saône et alentours",,http://www.climeco-plomberie.fr/,
plombier 69400 FR,Rs énergie,,http://www.rs-energie.fr/,
plombier 69400 FR,KMF Plomberie,,https://www.kmfplomberie.fr/,
plombier 69400 FR,Dépanne & Go,,https://depanneandgo.com/,
plombier 69400 FR,DAVID MARTIN plombier Lyon,,https://depannage-chauffe-eau-ballon-d-eau-chaude-lyon.fr/,
plombier 69400 FR,VES PLOMBERIE,,,
plombier 69400 FR,DõmHõ,,http://domho.fr/,
plombier 69400 FR,A. L'express plombier,,https://expressplombierlyon.fr/,
plombier 69400 FR,EMH PLOMBERIE,,http://emh-plomberie.com/,
plombier 69400 FR,CSC Plomberie,,http://677d67e450f13.site123.me/,
plombier 69400 FR,Entreprise Augé,,https://www.plomberie-auge.fr/,
plombier 69400 FR,LGS Loison Gérard's,,http://www.lgs-entreprise.fr/,
plombier 69400 FR,ALEX PLOMBERIE SERVICES - TEBOUL GABRIEL,,https://www.alexplomberieservices.com/,
plombier 69400 FR,Artisans Lyonnais,,,
plombier 69400 FR,Plomberie Caladoise,,https://www.plomberie-caladoise.fr/,
plombier 69400 FR,Mad Plomberie,,,
plombier 69400 FR,SAS SAMAK,,http://www.samak-chauffage.fr/,
plombier 69400 FR,VDS Plomberie,,http://www.vdsplomberie.com/,
plombier 69400 FR,Reseau Plombier Villefranche,,https://plombier-villefranche.com/,
plombier 69400 FR,Ets Gay Badez,,http://www.ets-gay-badez.fr/,
coworking 69100 FR,Boogie,,http://boogie.praxiedesign.com/,
coworking 69100 FR,Imagin'Office Lyon,,https://www.imaginoffice.com/espaces/imagin-lyon,
coworking 69100 FR,Incubateur Manufactory La Doua,,http://entreprendre.univ-lyon3.fr/2020/07/07/lincubateur-manufactory-la-doua-ouvre-ses-portes-les-candidatures-sont-ouvertes/,
coworking 69100 FR,Incubateur Beelys - La Doua,,,
coworking 69100 FR,Village Zéro,,https://atome.green/,
coworking 69100 FR,Tiers-Lieu Villa Urbana,,,
coworking 69100 FR,B2Expand,,http://b2expand.com/,
coworking 69100 FR,Espace Racine,,https://www.espace-racine.fr/,
coworking 69100 FR,Work and Progress,,https://work-and-progress.fr/,
coworking 69100 FR,La Cordée République - coworking Villeurbanne,,https://www.la-cordee.net/cordee/villeurbanne/republique-villeurbanne/,
coworking 69100 FR,Amabla,,http://www.amabla.org/,
coworking 69100 FR,SCOPA Studio,,https://gaetanconstant.github.io/scopa-studio/,
coworking 69100 FR,L'Equipage coworking,,https://lequipagecoworking.com/,
coworking 69100 FR,HQ Tête d'or,,https://www.hq.com/en/france/auvergne-rhone-alpes/villeurbanne?utm_source=google_uberall&utm_medium=places&utm_campaign=uberall&utm_content=uberall,
coworking 69100 FR,Flex-O Lyon Part Dieu,,https://www.flex-o.fr/lyon/lyon-part-dieu/?utm_source=google&utm_medium=GMB&utm_campaign=Lyon_Part_Dieu,
coworking 69100 FR,Come'N'Work @Lyon,,https://comenwork.com/,
coworking 69100 FR,Flex-O Lyon Tête d'Or,,https://www.flex-o.fr/france/lyon/lyon-tete-d-or/?utm_source=google&utm_medium=GMB&utm_campaign=Lyon_Tete_d_or,
coworking 69100 FR,Wojo Coworking Lyon - Ibis Styles Villeurbanne Parc De La Tête d'Or,,https://www.wojo.com/fr-FR/espaces-de-travail/wojo-lyon-ibis-styles-villeurbanne-parc-de-la-tete-d-or,
coworking 69100 FR,Flex-O Lyon Tête d'Or,,https://www.flex-o.fr/france/lyon/lyon-tete-d-or/?utm_source=google&utm_medium=GMB&utm_campaign=Lyon_Tete_d_or,
coworking 69100 FR,Bel Air Business - Groupe Bel Air Camp,,http://www.belaircamp.org/,
