Mot-clé,Nom,Téléphone,Site web,Adresse,Email trouvé,Téléphone trouvé sur site
plombier 69400 FR,MCP,,,,,
plombier 69400 FR,Plomberie Beaujolaise,,,,,
plombier 69400 FR,Sidrot Plomberie,,,,,
plombier 69400 FR,CSC Plomberie,,http://677d67e450f13.site123.me/,,cscplomberie.contact@gmail.com,+33-650231123
plombier 69400 FR,Emd Service,,https://www.emd-service.fr/,,,06 72 34 21 12
plombier 69400 FR,Jacquet Romain,,,,,
plombier 69400 FR,KMF Plomberie,,https://www.kmfplomberie.fr/,,,06 18 80 87 67
plombier 69400 FR,Plomberie Beaujolaise,,https://www.facebook.com/profile.php?id=100089468997442&utm_source=gmb,,,
plombier 69400 FR,Reseau Plombier Villefranche,,https://plombier-villefranche.com/,,,04 28 29 26 08
plombier 69400 FR,Plomberie Caladoise,,https://www.plomberie-caladoise.fr/,,,04 74 03 11 80
plombier 69400 FR,PMPC Plomberie Chauffage,,https://pmpc-plomberie.fr/,,pmpc.plomberiechauffage@gmail.com,07 79 80 16 32
plombier 69400 FR,LGS Loison Gérard's,,http://www.lgs-entreprise.fr/,,,04 74 00 38 60
plombier 69400 FR,Prestagaz Agence Villefranche-sur-saone,,http://presta-gaz.fr/?utm_source=gmb,,,
plombier 69400 FR,VDS Plomberie,,http://www.vdsplomberie.com/,,contact@vdsplomberie.com,0491162769
plombier 69400 FR,Ets Gay Badez,,http://www.ets-gay-badez.fr/,,contact@ets-gay-badez.fr,04 74 62 33 28
plombier 69400 FR,JD Artisan Plombier,,http://jdartisanplombier.fr/,,jdartisanp@gmail.com,06 84 83 04 71
plombier 69400 FR,SBPE,,http://www.sbpe-plomberie-69400.fr/,,,06 09 01 61 29
plombier 69400 FR,Rs énergie,,http://www.rs-energie.fr/,,contact@rs-energie.frAdresse,07 59 51 70 31
plombier 69400 FR,Entreprise Roger Plasse,,,,,
plombier 69400 FR,"Climeco Plomberie 🛠️🔥 Installation de Pompe à chaleur, Chaudière, Climatisation à Villefranche-sur-Saône et alentours",,http://www.climeco-plomberie.fr/,,avisContact@climeco-plomberie.fr,07 88 22 08 15
transporteur routier 69400 FR,EXPRESS LOGISTIQUE,,http://www.express-logistique.com/,,olivier@express-logistique.com,
transporteur routier 69400 FR,TCP Morel Transports,,https://www.tcpmoreltransports.fr/,,,
transporteur routier 69400 FR,Astr'in site logistique Villefranche,,http://www.sotradel.com/,,,
transporteur routier 69400 FR,Villefranche Express,,http://www.transport-villefranche-express.fr/,,contact@villefranche-express.com,04 27 30 03 00
transporteur routier 69400 FR,Kuehne + Nagel,,https://fr.kuehne-nagel.com/fr_fr/,,,
transporteur routier 69400 FR,Transports Chamonard,,http://www.transport-vin-beaujolais.com/,,,04 74 67 53 98
transporteur routier 69400 FR,Transports FRAY,,http://www.transports-fray.fr/,,contact@transports-fray.fr,04.74.62.84.60
transporteur routier 69400 FR,Euro Demenagement VFS,,https://euro-demenagement-vfs.fr/,,,04 28 39 01 90
transporteur routier 69400 FR,Gervais Transports,,https://www.gervaistransports.fr/,,,
transporteur routier 69400 FR,National Fret Transport,,http://www.nftrans.fr/,,,04 74 02 66 75
transporteur routier 69400 FR,ECOTRANS LOGISTIQUE,,,,,
transporteur routier 69400 FR,"Transports Luizet, Cadillat, Detraz Filloux",,https://www.lcdf-transports.com/,,,
transporteur routier 69400 FR,XPO Logistics Distribution France,,http://xpo.com/,,ltlccg@xpo.com,
transporteur routier 69400 FR,LCI CLASQUIN VILLEFRANCHE-SUR-SAONE,,https://www.clasquin.com/,,dpo@clasquin.com,04 37 43 12 60
transporteur routier 69400 FR,Groupe Cayon,,https://www.transport-cayon.fr/,,,03 85 41 78 78
transporteur routier 69400 FR,RDT TRANSPORT,,https://www.rdt-transport.com/,,,
transporteur routier 69400 FR,Transports de véhicules | AGT Salel,,http://www.agtsalel.com/?utm_source=gmb,,,04 74 67 03 68
transporteur routier 69400 FR,GEODIS | Road Transport,,https://geodis.com/?utm_campaign=Google%20My%20Business--LG--lpCON--ALL--ALL--CORP--NA--NA--NA--NA--NA--2021-09&utm_source=google&utm_medium=gmb&utm_content=VILLEFRANCHE%20SUR%20SAONE,,,
transporteur routier 69400 FR,Time-Trans,,,,,
plombier 69400 FR,"Climeco Plomberie 🛠️🔥 Installation de Pompe à chaleur, Chaudière, Climatisation à Villefranche-sur-Saône et alentours",,http://www.climeco-plomberie.fr/,,avisContact@climeco-plomberie.fr,07 88 22 08 15
plombier 69400 FR,Rs énergie,,http://www.rs-energie.fr/,,contact@rs-energie.frAdresse,07 59 51 70 31
plombier 69400 FR,KMF Plomberie,,https://www.kmfplomberie.fr/,,,06 18 80 87 67
plombier 69400 FR,Dépanne & Go,,https://depanneandgo.com/,,depanneandgo@gmail.comT,07 60 18 80 08
plombier 69400 FR,DAVID MARTIN plombier Lyon,,https://depannage-chauffe-eau-ballon-d-eau-chaude-lyon.fr/,,assuranceapams-plomberie@hotmail.fr,0706 84 45 46
plombier 69400 FR,VES PLOMBERIE,,,,,
plombier 69400 FR,DõmHõ,,http://domho.fr/,,hocine@domho.fr,06 44 04 03 30
plombier 69400 FR,A. L'express plombier,,https://expressplombierlyon.fr/,,,06 23 37 28 10
plombier 69400 FR,EMH PLOMBERIE,,http://emh-plomberie.com/,,contact@emh-plomberie.com,04 78 54 65 12
plombier 69400 FR,CSC Plomberie,,http://677d67e450f13.site123.me/,,cscplomberie.contact@gmail.com,+33-650231123
plombier 69400 FR,Entreprise Augé,,https://www.plomberie-auge.fr/,,,04 78 42 82 35
plombier 69400 FR,LGS Loison Gérard's,,http://www.lgs-entreprise.fr/,,,04 74 00 38 60
plombier 69400 FR,ALEX PLOMBERIE SERVICES - TEBOUL GABRIEL,,https://www.alexplomberieservices.com/,,contact@alexplomberieservices.com,04 88 92 72 13
plombier 69400 FR,Artisans Lyonnais,,,,,
plombier 69400 FR,Plomberie Caladoise,,https://www.plomberie-caladoise.fr/,,,04 74 03 11 80
plombier 69400 FR,Mad Plomberie,,,,,
plombier 69400 FR,SAS SAMAK,,http://www.samak-chauffage.fr/,,,04 78 68 04 60
plombier 69400 FR,VDS Plomberie,,http://www.vdsplomberie.com/,,contact@vdsplomberie.com,0491162769
plombier 69400 FR,Reseau Plombier Villefranche,,https://plombier-villefranche.com/,,,04 28 29 26 08
plombier 69400 FR,Ets Gay Badez,,http://www.ets-gay-badez.fr/,,contact@ets-gay-badez.fr,04 74 62 33 28
coworking 69100 FR,Boogie,,http://boogie.praxiedesign.com/,,bonjour@praxiedesign.com,
coworking 69100 FR,Imagin'Office Lyon,,https://www.imaginoffice.com/espaces/imagin-lyon,,contact@imaginoffice.com,+33.1.41.57.70.42
coworking 69100 FR,Incubateur Manufactory La Doua,,http://entreprendre.univ-lyon3.fr/2020/07/07/lincubateur-manufactory-la-doua-ouvre-ses-portes-les-candidatures-sont-ouvertes/,,,
coworking 69100 FR,Incubateur Beelys - La Doua,,,,,
coworking 69100 FR,Village Zéro,,https://atome.green/,,,
coworking 69100 FR,Tiers-Lieu Villa Urbana,,,,,
coworking 69100 FR,B2Expand,,http://b2expand.com/,,,06 06 06 06 06
coworking 69100 FR,Espace Racine,,https://www.espace-racine.fr/,,contact@espace-racine.fr,
coworking 69100 FR,Work and Progress,,https://work-and-progress.fr/,,contact@work-and-progress.fr,+33 4 78 03 95 96
coworking 69100 FR,La Cordée République - coworking Villeurbanne,,https://www.la-cordee.net/cordee/villeurbanne/republique-villeurbanne/,,,
coworking 69100 FR,Amabla,,http://www.amabla.org/,,contact@amabla.org,
coworking 69100 FR,SCOPA Studio,,https://gaetanconstant.github.io/scopa-studio/,,,
coworking 69100 FR,L'Equipage coworking,,https://lequipagecoworking.com/,,lequipage.planning@gmail.com,06 29 65 81 41
coworking 69100 FR,HQ Tête d'or,,https://www.hq.com/en/france/auvergne-rhone-alpes/villeurbanne?utm_source=google_uberall&utm_medium=places&utm_campaign=uberall&utm_content=uberall,,,
coworking 69100 FR,Flex-O Lyon Part Dieu,,https://www.flex-o.fr/lyon/lyon-part-dieu/?utm_source=google&utm_medium=GMB&utm_campaign=Lyon_Part_Dieu,,,04 81 91 11 11
coworking 69100 FR,Come'N'Work @Lyon,,https://comenwork.com/,,,
coworking 69100 FR,Flex-O Lyon Tête d'Or,,https://www.flex-o.fr/france/lyon/lyon-tete-d-or/?utm_source=google&utm_medium=GMB&utm_campaign=Lyon_Tete_d_or,,,04 81 91 27 55
coworking 69100 FR,Wojo Coworking Lyon - Ibis Styles Villeurbanne Parc De La Tête d'Or,,https://www.wojo.com/fr-FR/espaces-de-travail/wojo-lyon-ibis-styles-villeurbanne-parc-de-la-tete-d-or,,,
coworking 69100 FR,Flex-O Lyon Tête d'Or,,https://www.flex-o.fr/france/lyon/lyon-tete-d-or/?utm_source=google&utm_medium=GMB&utm_campaign=Lyon_Tete_d_or,,,04 81 91 27 55
coworking 69100 FR,Bel Air Business - Groupe Bel Air Camp,,http://www.belaircamp.org/,,,09 72 60 57 02
